{"n_1":{"n":1,"Time":2.7600000000000002,"Sedan":13.279985415309302,"SUV":13.315045720661136,"Bus":0}}