{"n_1":{"n":1,"Time":13,"Sedan":0,"SUV":13.315045357942582,"Bus":1.9314290691777336}}