{"n":1,"Time":2.7600000000000002,"Sedan":[-0.72937464253448925,-13.279985415309302,0],"SUV":[-0.63123486651449023,-13.315045720661136,6.9157237727996933E-8],"Bus":[0,0,0]}