{"time":5.3,"egoVelocity":[0,-0,0],"egoSpeed":0,"egoAcc":-2.6205450733752622,"actVelocity":[-0.21947863005545259,-4.1608821471005513,3.160061902420498E-14],"actSpeed":4.166666666666667,"actAcc":0,"dis":87.1041107913156,"isCollision":"-"}