{"times":1,"egoAcc":2.9,"actVel":15,"actAcc":0,"disInit":115,"DTC":89.350655531705783,"PET":27420,"isCollision":"Success",
	"times":2,"egoAcc":2.9,"actVel":15,"actAcc":0,"disInit":115,"DTC":89.350655531705783,"PET":27420,"isCollision":"Success"
,
	"times":3,"egoAcc":2.9,"actVel":30,"actAcc":0,"disInit":99,"DTC":53.686415806596941,"PET":11800,"isCollision":"Success"
,
	"times":4,"egoAcc":2.9,"actVel":30,"actAcc":0,"disInit":99,"DTC":53.686415806596941,"PET":11800,"isCollision":"Success"
,
	"times":5,"egoAcc":2.9,"actVel":48,"actAcc":0,"disInit":82.8,"DTC":14.244767080108186,"PET":6180,"isCollision":"Success"
,
	"times":6,"egoAcc":2.9,"actVel":48,"actAcc":0,"disInit":82.8,"DTC":14.244767080108186,"PET":6180,"isCollision":"Success"
,
	"times":7,"egoAcc":2.2,"actVel":15,"actAcc":0,"disInit":115,"DTC":88.768202244187691,"PET":27420,"isCollision":"Success"
,
	"times":8,"egoAcc":2.2,"actVel":15,"actAcc":0,"disInit":115,"DTC":88.768202244187691,"PET":27420,"isCollision":"Success"
,
	"times":9,"egoAcc":2.2,"actVel":30,"actAcc":0,"disInit":99,"DTC":52.524314775392433,"PET":11800,"isCollision":"Success"
,
	"times":10,"egoAcc":2.2,"actVel":30,"actAcc":0,"disInit":99,"DTC":52.524314775392433,"PET":11800,"isCollision":"Success"
,
	"times":11,"egoAcc":2.2,"actVel":48,"actAcc":0,"disInit":82.8,"DTC":12.448193158007232,"PET":6180,"isCollision":"Success"
,
	"times":12,"egoAcc":2.2,"actVel":48,"actAcc":0,"disInit":82.8,"DTC":12.448193158007232,"PET":6180,"isCollision":"Success"
}